{
  "3. 获取提交历史" : {
    "transaction" : "3. 获取提交历史",
    "sampleCount" : 100,
    "errorCount" : 0,
    "errorPct" : 0.0,
    "meanResTime" : 4.010000000000004,
    "medianResTime" : 3.0,
    "minResTime" : 2.0,
    "maxResTime" : 14.0,
    "pct1ResTime" : 5.900000000000006,
    "pct2ResTime" : 11.949999999999989,
    "pct3ResTime" : 13.989999999999995,
    "throughput" : 2.531773760696744,
    "receivedKBytesPerSec" : 2.3312839811509445,
    "sentKBytesPerSec" : 0.7417305939541243
  },
  "Total" : {
    "transaction" : "Total",
    "sampleCount" : 300,
    "errorCount" : 24,
    "errorPct" : 8.0,
    "meanResTime" : 22.719999999999995,
    "medianResTime" : 8.0,
    "minResTime" : 2.0,
    "maxResTime" : 106.0,
    "pct1ResTime" : 56.0,
    "pct2ResTime" : 59.0,
    "pct3ResTime" : 62.99000000000001,
    "throughput" : 6.715465717547512,
    "receivedKBytesPerSec" : 4.4561224761041345,
    "sentKBytesPerSec" : 2.071104715096367
  },
  "1. 用户登录" : {
    "transaction" : "1. 用户登录",
    "sampleCount" : 100,
    "errorCount" : 0,
    "errorPct" : 0.0,
    "meanResTime" : 56.120000000000005,
    "medianResTime" : 55.0,
    "minResTime" : 52.0,
    "maxResTime" : 106.0,
    "pct1ResTime" : 60.0,
    "pct2ResTime" : 61.0,
    "pct3ResTime" : 105.5999999999998,
    "throughput" : 2.5217500945656286,
    "receivedKBytesPerSec" : 1.5380459194931282,
    "sentKBytesPerSec" : 0.5825390477241206
  },
  "2. 运行代码" : {
    "transaction" : "2. 运行代码",
    "sampleCount" : 100,
    "errorCount" : 24,
    "errorPct" : 24.0,
    "meanResTime" : 8.029999999999996,
    "medianResTime" : 8.0,
    "minResTime" : 3.0,
    "maxResTime" : 15.0,
    "pct1ResTime" : 12.0,
    "pct2ResTime" : 13.949999999999989,
    "pct3ResTime" : 15.0,
    "throughput" : 2.530876695687386,
    "receivedKBytesPerSec" : 1.1641044176452724,
    "sentKBytesPerSec" : 1.0155142741445637
  }
}